Workbook

Sheet ESTADO DE TRANSICIÓN PREDIAL
A1: INSTRUMENTO DE PLANIFICACIÓN PREDIAL PARA LA TRANSICIÓN AGROECOLÓGICA -IPPTA-
A2: HOJA DE CALCULO NIVEL DE TRANSICIÓN AGROECOLÓGICA PREDIAL
A3: Indicadores Propuestos | B3: Puntaje máximo | C3: Σ puntaje máximo | D3: Calificación del indicador | E3: Σ calificación del indicador | F3: Nivel de Transición Agroecológica | G3: Dimensión a evaluar
A4: PROTECCIÓN DE FUENTES DE AGUA | B4: 5 | C4: =SUM(B4:B9) -> 30 | D4: 1 | E4: =SUM(D4:D9) -> 13 | F4: =E4/C4*100 -> 43.333333 | G4: AMBIENTAL
A5: MANEJO DEL AGUA PARA EL CONSUMO HUMANO | B5: 5 | D5: 1
A6: AHORRO DE AGUA en el hogar y los sistemas productivos | B6: 5 | D6: 4
A7: PROTECCIÓN DEL BOSQUE EN LA FINCA | B7: 5 | D7: 5
A8: CONECTIVIDAD ENTRE EL PAISAJE Y EL AGROECOSISTEMA | B8: 5 | D8: 1
A9: MANEJO DE RESIDUOS SÓLIDOS | B9: 5 | D9: 1
A10: GENERACIÓN DE INGRESOS E INDICE DE AUTOEMPLEO | B10: 5 | C10: =B10+B11+B12+B13+B14+B15+B16+B17 -> 40 | D10: 1 | E10: =D10+D11+D12+D13+D14+D15+D16+D17 -> 25 | F10: =E10/C10*100 -> 62.5 | G10: SOCIOECONÓMICA
A11: ORGANIZACIÓN PARA LA COMERCIALIZACIÓN DE LOS PRODUCTOS | B11: 5 | D11: 3
A12: AUTOSUFICIENCIA ALIMENTARIA FAMILIAR | B12: 5 | D12: 2
A13: PARTICIPACIÓN DE LA FAMILIA EN PROCESOS COMUNITARIOS. | B13: 5 | D13: 3
A14: GESTIÓN DEL CONOCIMIENTO AGROECOLÓGICO | B14: 5 | D14: 1
A15: PARTICIPACIÓN EQUITATIVA EN LA TOMA DE DECISIONES AGROECOLÓGICAS DE LA FINCA | B15: 5 | D15: 5
A16: TRABAJO Y USO DEL TIEMPO EN LA AGRICULTURA FAMILIAR | B16: 5 | D16: 5
A17: CONTROL Y DECISIÓN SOBRE EL TIEMPO | B17: 5 | D17: 5
A18: DIVERSIDAD DE CULTIVOS | B18: 5 | C18: =SUM(B18:B24) -> 35 | D18: 3 | E18: =SUM(D18:D24) -> 27 | F18: =E18/C18*100 -> 77.142857 | G18: PRODUCTIVA
A19: DIVERSIDAD DE ANIMALES (incluyendo peces) | B19: 5 | D19: 2
A20: INTEGRACIÓN ENTRE ANIMALES Y CULTIVOS | B20: 5 | D20: 3
A21: MANEJO DEL SUELO | B21: 5 | D21: 4
A22: BIENESTAR ANIMAL (si aplica) a nivel de Finca | B22: 5 | D22: 5
A23: PRODUCCIÓN DE INSUMOS, BIOUNSUMOS Y BIOPREPARADOS EN LA FINCA | B23: 5 | D23: 5
A24: PRODUCIR Y CUSTODIAR SEMILLAS EN LA FINCA | B24: 5 | D24: 5
A25: ESTADO DE TRANSICIÓN AGROECOLÓGICA (ETA) DE LA FINCA | B25: =AVERAGE(F4,F10,F18) -> 60.992063
B27: ESCALA DE VALOR PARA EL ESTADO DE TRANSICIÓN AGROECOLÓGICA DEL PREDIO
B28: % | C28: Estado de Transición | E28: Descripción
B29: 85-100 | C29: Avanzado | D29: Cambio de ética y de valores, una transición hacia una cultura de sostenibilidad. | E29: A nivel local, esto significa que los consumidores valoran la producción agroecológica de alimentos, eligiéndolos y comprándolos, apoyan a los agricultores que están esforzándose por pasar del nivel de conversión 1 a los niveles 2 y 3. En cierto sentido, esto significa el desarrollo de una especie de “ciudadanía alimentaria”, donde todos forman parte del sistema y pueden influir en el cambio y ser influenciados por él. Cuanto más nos movemos a este nivel de integración y acción para el cambio en los sistemas alimentarios en las comunidades de todo el mundo, más nos acercamos en avanzar hacia la construcción de una nueva cultura y economía de sostenibilidad y hacia una comprensión de la agroecología como un fenómeno territorial, donde numerosos actores están relacionados en la profundización de esta alternativa.
B30: 60-84 | C30: Medianamente alto | D30: Rediseño del agroecosistema de forma tal que funcione sobre las bases de un nuevo conjunto de procesos ecológicos | E30: Rediseñar implica la gradual recuperación de los componentes claves del agroecosistema (suelo, agua) y pensar en una distribución espacial y temporal de los mismos que potencie las interrelaciones y sus sinergias positivas. En este nivel, el diseño del sistema general mitiga o elimina las causas de muchos de los problemas que todavía persisten en los niveles 1 y 2. El sentido de esta etapa es buscar formas más definitivas para evitar el surgimiento de problemas y controlar los que en esta etapa puedan ir apareciendo. El objetivo central de esta etapa es conseguir que los desafíos y/o problemas más habituales de los sistemas agrícolas vean moderado su impacto por un diseño complejo del espacio y por un sistema de gestión que disminuye al máximo la aplicación de insumos externos excluyendo definitivamente el uso de productos agroquímicos de síntesis.
B31: 40-60 | C31: Medianamente bajo | D31: Sustituir prácticas e insumos convencionales por prácticas alternativas sostenibles | E31: El objetivo en este nivel de conversión es reemplazar los recursos intensivos y productos y prácticas degradantes del agroecosistema con aquellos que son más adecuados. La reciente expansión en investigación en agricultura agroecológica ha ampliado las posibilidades de acción dentro de este nivel.
B32: <40 | C32: Inicial | D32: Incrementar la eficiencia de prácticas convencionales para reducir el consumo de insumos costosos, escasos o ambientalemente nocivos | E32: En este nivel inicial de transición se busca reducir el uso de insumos costosos y dañinos. En el inicio del proceso de transición, especialmente cuando el punto de partida se realiza desde una finca con un sistema de producción convencional y donde la mayor parte de las prácticas agroecológicas han sido desechadas, donde la familia no tiene una convicción muy fuerte de la realización de la transición, habrá que diseñar acciones exitosas propias de este nivel, para ir generando un espacio de conversación y de análisis de los resultados que paso a paso fortalezcan su decisión de cambio.

Sheet GRÁFICO RADIAL
A1: NOMBRE DE LA FINCA:
A2: NOMBRE DEL PRODUCTOR:
A3: 1.PROTECCIÓN DE FUENTES DE AGUA | B3: ='ESTADO DE TRANSICIÓN PREDIAL'!D4 -> 1
A4: 2.MANEJO DEL AGUA PARA EL CONSUMO HUMANO | B4: ='ESTADO DE TRANSICIÓN PREDIAL'!D5 -> 1
A5: 3.AHORRO DE AGUA en el hogar y los sistemas productivos | B5: ='ESTADO DE TRANSICIÓN PREDIAL'!D6 -> 4
A6: 4.PROTECCIÓN DEL BOSQUE EN LA FINCA | B6: ='ESTADO DE TRANSICIÓN PREDIAL'!D7 -> 5
A7: 5.CONECTIVIDAD ENTRE EL PAISAJE Y EL AGROECOSISTEMA | B7: ='ESTADO DE TRANSICIÓN PREDIAL'!D8 -> 1
A8: 6.MANEJO DE RESIDUOS SÓLIDOS | B8: ='ESTADO DE TRANSICIÓN PREDIAL'!D9 -> 1
A9: 7.GENERACIÓN DE INGRESOS E INDICE DE AUTOEMPLEO | B9: ='ESTADO DE TRANSICIÓN PREDIAL'!D10 -> 1
A10: 8.ORGANIZACIÓN PARA LA COMERCIALIZACIÓN DE LOS PRODUCTOS | B10: ='ESTADO DE TRANSICIÓN PREDIAL'!D11 -> 3
A11: 9.AUTOSUFICIENCIA ALIMENTARIA FAMILIAR | B11: ='ESTADO DE TRANSICIÓN PREDIAL'!D12 -> 2
A12: 10.PARTICIPACIÓN DE LA FAMILIA EN PROCESOS COMUNITARIOS. | B12: ='ESTADO DE TRANSICIÓN PREDIAL'!D13 -> 3
A13: 11.GESTIÓN DEL CONOCIMIENTO AGROECOLÓGICO | B13: ='ESTADO DE TRANSICIÓN PREDIAL'!D14 -> 1
A14: 12.PARTICIPACIÓN EQUITATIVA EN LA TOMA DE DECISIONES | B14: 5
A15: 13.TRABAJO Y USO DEL TIEMPO | B15: 5
A16: 14.CONTROL Y DECISIÓN SOBRE EL TIEMPO | B16: 5
A17: 15.DIVERSIDAD DE CULTIVOS | B17: ='ESTADO DE TRANSICIÓN PREDIAL'!D18 -> 3
A18: 16.DIVERSIDAD DE ANIMALES (incluyendo peces) | B18: ='ESTADO DE TRANSICIÓN PREDIAL'!D19 -> 2
A19: 17.INTEGRACIÓN ENTRE ANIMALES Y CULTIVOS | B19: ='ESTADO DE TRANSICIÓN PREDIAL'!D20 -> 3
A20: 18.MANEJO DEL SUELO | B20: ='ESTADO DE TRANSICIÓN PREDIAL'!D21 -> 4
A21: 19.BIENESTAR ANIMAL (si aplica) a nivel de Finca | B21: ='ESTADO DE TRANSICIÓN PREDIAL'!D22 -> 5
A22: 20.PRODUCCIÓN DE INSUMOS EN LA FINCA | B22: ='ESTADO DE TRANSICIÓN PREDIAL'!D23 -> 5
A23: 21.PRODUCIR Y CUSTODIAR SEMILLAS EN LA FINCA | B23: ='ESTADO DE TRANSICIÓN PREDIAL'!D24 -> 5
